province,year,cdr
Beijing,2024,16.7
Beijing,2023,16.7
Beijing,2022,16.6
Beijing,2021,16.4
Beijing,2020,NA
Beijing,2019,13.3
Beijing,2018,13.4
Beijing,2017,14.3
Beijing,2016,14.1
Tianjin,2024,17.5
Tianjin,2023,18
Tianjin,2022,18.5
Tianjin,2021,18.7
Tianjin,2020,NA
Tianjin,2019,13.2
Tianjin,2018,13
Tianjin,2017,14.6
Tianjin,2016,14
Hebei,2024,25.5
Hebei,2023,27
Hebei,2022,28.2
Hebei,2021,29.2
Hebei,2020,NA
Hebei,2019,27.7
Hebei,2018,26.9
Hebei,2017,25.6
Hebei,2016,26.1
Shanxi,2024,20.9
Shanxi,2023,21.4
Shanxi,2022,22
Shanxi,2021,22.6
Shanxi,2020,NA
Shanxi,2019,20.9
Shanxi,2018,21.1
Shanxi,2017,20.7
Shanxi,2016,20.2
Inner Mongolia,2024,17.5
Inner Mongolia,2023,18
Inner Mongolia,2022,18.5
Inner Mongolia,2021,19
Inner Mongolia,2020,NA
Inner Mongolia,2019,17
Inner Mongolia,2018,17.3
Inner Mongolia,2017,17.9
Inner Mongolia,2016,16.5
Liaoning,2024,14.4
Liaoning,2023,14.7
Liaoning,2022,15
Liaoning,2021,15.3
Liaoning,2020,NA
Liaoning,2019,13.8
Liaoning,2018,13.6
Liaoning,2017,13.4
Liaoning,2016,14
Jilin,2024,14.1
Jilin,2023,14.5
Jilin,2022,15.1
Jilin,2021,15.5
Jilin,2020,NA
Jilin,2019,15.7
Jilin,2018,16.3
Jilin,2017,16.5
Jilin,2016,16.5
Heilongjiang,2024,11.6
Heilongjiang,2023,12.2
Heilongjiang,2022,12.7
Heilongjiang,2021,13.3
Heilongjiang,2020,NA
Heilongjiang,2019,13.1
Heilongjiang,2018,13.7
Heilongjiang,2017,12.8
Heilongjiang,2016,12.9
Shanghai,2024,13.5
Shanghai,2023,13.5
Shanghai,2022,13.7
Shanghai,2021,13.5
Shanghai,2020,NA
Shanghai,2019,13.6
Shanghai,2018,13.1
Shanghai,2017,13.1
Shanghai,2016,12.5
Jiangsu,2024,19.1
Jiangsu,2023,20
Jiangsu,2022,20.8
Jiangsu,2021,21.5
Jiangsu,2020,NA
Jiangsu,2019,19.4
Jiangsu,2018,19.1
Jiangsu,2017,18.5
Jiangsu,2016,18.9
Zhejiang,2024,17.1
Zhejiang,2023,17.5
Zhejiang,2022,18
Zhejiang,2021,18.3
Zhejiang,2020,NA
Zhejiang,2019,17.9
Zhejiang,2018,18.7
Zhejiang,2017,16.2
Zhejiang,2016,17.2
Anhui,2024,24.6
Anhui,2023,26
Anhui,2022,27.2
Anhui,2021,28.3
Anhui,2020,NA
Anhui,2019,27.7
Anhui,2018,27.3
Anhui,2017,28.1
Anhui,2016,24.7
Fujian,2024,24.6
Fujian,2023,25.6
Fujian,2022,26.5
Fujian,2021,27.2
Fujian,2020,NA
Fujian,2019,23.1
Fujian,2018,22.7
Fujian,2017,25.7
Fujian,2016,25.5
Jiangxi,2024,26.2
Jiangxi,2023,27.9
Jiangxi,2022,29.6
Jiangxi,2021,31.3
Jiangxi,2020,NA
Jiangxi,2019,29
Jiangxi,2018,29
Jiangxi,2017,31.5
Jiangxi,2016,30.7
Shandong,2024,25.6
Shandong,2023,26.5
Shandong,2022,27.3
Shandong,2021,28.1
Shandong,2020,NA
Shandong,2019,26.6
Shandong,2018,27
Shandong,2017,25.5
Shandong,2016,23.7
Henan,2024,29.5
Henan,2023,31.4
Henan,2022,33.2
Henan,2021,34.8
Henan,2020,NA
Henan,2019,31.3
Henan,2018,31.5
Henan,2017,30.5
Henan,2016,30.1
Hubei,2024,20.9
Hubei,2023,21.8
Hubei,2022,22.5
Hubei,2021,23.1
Hubei,2020,NA
Hubei,2019,21.8
Hubei,2018,21.3
Hubei,2017,22
Hubei,2016,21.2
Hunan,2024,24.9
Hunan,2023,26.3
Hunan,2022,27.6
Hunan,2021,28.7
Hunan,2020,NA
Hunan,2019,29.9
Hunan,2018,28.7
Hunan,2017,26.5
Hunan,2016,26
Guangdong,2024,24.3
Guangdong,2023,25
Guangdong,2022,25.7
Guangdong,2021,26
Guangdong,2020,NA
Guangdong,2019,21.2
Guangdong,2018,22.6
Guangdong,2017,22.3
Guangdong,2016,22.2
Guangxi,2024,31.7
Guangxi,2023,33.1
Guangxi,2022,34.3
Guangxi,2021,35.5
Guangxi,2020,NA
Guangxi,2019,32.1
Guangxi,2018,32.1
Guangxi,2017,32.7
Guangxi,2016,31
Hainan,2024,25.3
Hainan,2023,26.1
Hainan,2022,27.2
Hainan,2021,28.1
Hainan,2020,NA
Hainan,2019,27.4
Hainan,2018,26.4
Hainan,2017,27.5
Hainan,2016,27.4
Chongqing,2024,19.9
Chongqing,2023,20.8
Chongqing,2022,21.7
Chongqing,2021,22.8
Chongqing,2020,NA
Chongqing,2019,24.7
Chongqing,2018,24.7
Chongqing,2017,23.7
Chongqing,2016,21.9
Sichuan,2024,20.7
Sichuan,2023,21.6
Sichuan,2022,22.5
Sichuan,2021,23.4
Sichuan,2020,NA
Sichuan,2019,24.2
Sichuan,2018,23.8
Sichuan,2017,22.5
Sichuan,2016,22.7
Guizhou,2024,33.6
Guizhou,2023,34.8
Guizhou,2022,35.6
Guizhou,2021,36.4
Guizhou,2020,NA
Guizhou,2019,33.6
Guizhou,2018,33.5
Guizhou,2017,31
Guizhou,2016,32.7
Yunnan,2024,25.5
Yunnan,2023,26.3
Yunnan,2022,26.9
Yunnan,2021,27.7
Yunnan,2020,NA
Yunnan,2019,25
Yunnan,2018,25
Yunnan,2017,26.1
Yunnan,2016,27.1
Tibet,2024,34
Tibet,2023,35.1
Tibet,2022,35.7
Tibet,2021,35.6
Tibet,2020,NA
Tibet,2019,38.4
Tibet,2018,33.2
Tibet,2017,34.1
Tibet,2016,33.9
Shaanxi,2024,23.4
Shaanxi,2023,24
Shaanxi,2022,24.5
Shaanxi,2021,24.9
Shaanxi,2020,NA
Shaanxi,2019,19.8
Shaanxi,2018,19.3
Shaanxi,2017,21.3
Shaanxi,2016,19.9
Gansu,2024,26.2
Gansu,2023,27.1
Gansu,2022,27.6
Gansu,2021,28.3
Gansu,2020,NA
Gansu,2019,24
Gansu,2018,24.7
Gansu,2017,24.3
Gansu,2016,23.2
Qinghai,2024,27.7
Qinghai,2023,28.4
Qinghai,2022,29.2
Qinghai,2021,29.8
Qinghai,2020,NA
Qinghai,2019,27.1
Qinghai,2018,26.8
Qinghai,2017,27.8
Qinghai,2016,27
Ningxia,2024,27
Ningxia,2023,27.3
Ningxia,2022,28
Ningxia,2021,28.7
Ningxia,2020,NA
Ningxia,2019,29.7
Ningxia,2018,28.3
Ningxia,2017,25.1
Ningxia,2016,26.2
Xinjiang,2024,26.6
Xinjiang,2023,27.9
Xinjiang,2022,29.5
Xinjiang,2021,30.8
Xinjiang,2020,NA
Xinjiang,2019,35.6
Xinjiang,2018,32.2
Xinjiang,2017,32.8
Xinjiang,2016,32.1
Note:Population data of 2005 are estimates from the national 1% population sample survey. And data of other years are 1? national sample survey on population change.,2024,NA
Note:Population data of 2005 are estimates from the national 1% population sample survey. And data of other years are 1? national sample survey on population change.,2023,NA
Note:Population data of 2005 are estimates from the national 1% population sample survey. And data of other years are 1? national sample survey on population change.,2022,NA
Note:Population data of 2005 are estimates from the national 1% population sample survey. And data of other years are 1? national sample survey on population change.,2021,NA
Note:Population data of 2005 are estimates from the national 1% population sample survey. And data of other years are 1? national sample survey on population change.,2020,NA
Note:Population data of 2005 are estimates from the national 1% population sample survey. And data of other years are 1? national sample survey on population change.,2019,NA
Note:Population data of 2005 are estimates from the national 1% population sample survey. And data of other years are 1? national sample survey on population change.,2018,NA
Note:Population data of 2005 are estimates from the national 1% population sample survey. And data of other years are 1? national sample survey on population change.,2017,NA
Note:Population data of 2005 are estimates from the national 1% population sample survey. And data of other years are 1? national sample survey on population change.,2016,NA
