province,year,grp_per_capita
Beijing,2024,228167
Beijing,2023,216722
Beijing,2022,206826
Beijing,2021,202607
Beijing,2020,175856
Beijing,2019,172373
Beijing,2018,160335
Beijing,2017,142715
Beijing,2016,129739
Tianjin,2024,132143
Tianjin,2023,126232
Tianjin,2022,121261
Tianjin,2021,116618
Tianjin,2020,102675
Tianjin,2019,101858
Tianjin,2018,96034
Tianjin,2017,87404
Tianjin,2016,79716
Hebei,2024,64352
Hebei,2023,61649
Hebei,2022,58109
Hebei,2021,55265
Hebei,2020,49388
Hebei,2019,47904
Hebei,2018,44418
Hebei,2017,42026
Hebei,2016,39239
Shanxi,2024,73769
Shanxi,2023,74999
Shanxi,2022,73705
Shanxi,2021,66249
Shanxi,2020,52105
Shanxi,2019,49467
Shanxi,2018,46073
Shanxi,2017,41791
Shanxi,2016,34580
Inner Mongolia,2024,110011
Inner Mongolia,2023,104317
Inner Mongolia,2022,99128
Inner Mongolia,2021,89880
Inner Mongolia,2020,73156
Inner Mongolia,2019,72274
Inner Mongolia,2018,66953
Inner Mongolia,2017,61655
Inner Mongolia,2016,56928
Liaoning,2024,78236
Liaoning,2023,74925
Liaoning,2022,70590
Liaoning,2021,67117
Liaoning,2020,60570
Liaoning,2019,59911
Liaoning,2018,56058
Liaoning,2017,51176
Liaoning,2016,48083
Jilin,2024,61689
Jilin,2023,59495
Jilin,2022,55564
Jilin,2021,56268
Jilin,2020,51576
Jilin,2019,48456
Jilin,2018,45658
Jilin,2017,43522
Jilin,2016,40940
Heilongjiang,2024,54102
Heilongjiang,2023,53468
Heilongjiang,2022,52568
Heilongjiang,2021,48579
Heilongjiang,2020,43573
Heilongjiang,2019,42426
Heilongjiang,2018,39268
Heilongjiang,2017,36898
Heilongjiang,2016,35128
Shanghai,2024,217140
Shanghai,2023,207193
Shanghai,2022,195788
Shanghai,2021,189107
Shanghai,2020,167454
Shanghai,2019,162394
Shanghai,2018,152880
Shanghai,2017,139381
Shanghai,2016,125742
Jiangsu,2024,160694
Jiangsu,2023,153658
Jiangsu,2022,146374
Jiangsu,2021,141153
Jiangsu,2020,123411
Jiangsu,2019,118045
Jiangsu,2018,110802
Jiangsu,2017,102961
Jiangsu,2016,93748
Zhejiang,2024,135565
Zhejiang,2023,129687
Zhejiang,2022,123153
Zhejiang,2021,118028
Zhejiang,2020,104593
Zhejiang,2019,102201
Zhejiang,2018,95333
Zhejiang,2017,86808
Zhejiang,2016,79781
Anhui,2024,82694
Anhui,2023,78752
Anhui,2022,74387
Anhui,2021,70556
Anhui,2020,63341
Anhui,2019,61776
Anhui,2018,56667
Anhui,2017,49862
Anhui,2016,44505
Fujian,2024,137920
Fujian,2023,130932
Fujian,2022,124417
Fujian,2021,118837
Fujian,2020,105283
Fujian,2019,103092
Fujian,2018,95984
Fujian,2017,85218
Fujian,2016,75498
Jiangxi,2024,75862
Jiangxi,2023,72271
Jiangxi,2022,69802
Jiangxi,2021,66043
Jiangxi,2020,57167
Jiangxi,2019,54766
Jiangxi,2018,51013
Jiangxi,2017,45515
Jiangxi,2016,41780
Shandong,2024,97575
Shandong,2023,92878
Shandong,2022,88053
Shandong,2021,83440
Shandong,2020,73362
Shandong,2019,71371
Shandong,2018,67493
Shandong,2017,63939
Shandong,2016,60187
Henan,2024,64888
Henan,2023,61592
Henan,2022,59537
Henan,2021,58320
Henan,2020,54592
Henan,2019,54378
Henan,2018,51057
Henan,2017,45480
Henan,2016,41242
Hubei,2024,102832
Hubei,2023,97234
Hubei,2022,91563
Hubei,2021,86554
Hubei,2020,73711
Hubei,2019,76928
Hubei,2018,71780
Hubei,2017,63829
Hubei,2016,57550
Hunan,2024,81225
Hunan,2023,76932
Hunan,2022,72521
Hunan,2021,68971
Hunan,2020,62768
Hunan,2019,60159
Hunan,2018,55215
Hunan,2017,51482
Hunan,2016,47168
Guangdong,2024,111146
Guangdong,2023,108745
Guangdong,2022,104611
Guangdong,2021,100820
Guangdong,2020,90558
Guangdong,2019,88954
Guangdong,2018,83201
Guangdong,2017,77346
Guangdong,2016,70799
Guangxi,2024,57071
Guangxi,2023,54599
Guangxi,2022,52399
Guangxi,2021,50341
Guangxi,2020,44497
Guangxi,2019,42988
Guangxi,2018,40495
Guangxi,2017,37017
Guangxi,2016,33962
Hainan,2024,75903
Hainan,2023,73335
Hainan,2022,67541
Hainan,2021,64063
Hainan,2020,56211
Hainan,2019,55054
Hainan,2018,51220
Hainan,2017,47205
Hainan,2016,43648
Chongqing,2024,100903
Chongqing,2023,95610
Chongqing,2022,89562
Chongqing,2021,87502
Chongqing,2020,78656
Chongqing,2019,74601
Chongqing,2018,69341
Chongqing,2017,64793
Chongqing,2016,59130
Sichuan,2024,77333
Sichuan,2023,73293
Sichuan,2022,68804
Sichuan,2021,65856
Sichuan,2020,59138
Sichuan,2019,56584
Sichuan,2018,52425
Sichuan,2017,46574
Sichuan,2016,41198
Guizhou,2024,58685
Guizhou,2023,55728
Guizhou,2022,53398
Guizhou,2021,51677
Guizhou,2020,47517
Guizhou,2019,44985
Guizhou,2018,41670
Guizhou,2017,37210
Guizhou,2016,32505
Yunnan,2024,67612
Yunnan,2023,65334
Yunnan,2022,62456
Yunnan,2021,59276
Yunnan,2020,53443
Yunnan,2019,50764
Yunnan,2018,45610
Yunnan,2017,40266
Yunnan,2016,35918
Tibet,2024,75237
Tibet,2023,69489
Tibet,2022,61244
Tibet,2021,58609
Tibet,2020,53825
Tibet,2019,48961
Tibet,2018,45049
Tibet,2017,40086
Tibet,2016,35743
Shaanxi,2024,89915
Shaanxi,2023,85929
Shaanxi,2022,83529
Shaanxi,2021,77068
Shaanxi,2020,66583
Shaanxi,2019,66577
Shaanxi,2018,62169
Shaanxi,2017,55994
Shaanxi,2016,50142
Gansu,2024,52825
Gansu,2023,49811
Gansu,2022,46381
Gansu,2021,42508
Gansu,2020,37218
Gansu,2019,36040
Gansu,2018,33213
Gansu,2017,30316
Gansu,2016,28583
Qinghai,2024,66568
Qinghai,2023,64747
Qinghai,2022,61857
Qinghai,2021,58067
Qinghai,2020,52081
Qinghai,2019,51321
Qinghai,2018,47739
Qinghai,2017,43099
Qinghai,2016,39874
Ningxia,2024,75484
Ningxia,2023,73696
Ningxia,2022,71137
Ningxia,2021,64543
Ningxia,2020,56136
Ningxia,2019,53841
Ningxia,2018,50610
Ningxia,2017,46737
Ningxia,2016,41382
Xinjiang,2024,78660
Xinjiang,2023,75616
Xinjiang,2022,71679
Xinjiang,2021,64845
Xinjiang,2020,55398
Xinjiang,2019,55227
Xinjiang,2018,52441
Xinjiang,2017,46703
Xinjiang,2016,41196
