province,year,student_teacher_jun_ratio
Beijing,2024,10.08
Beijing,2023,9.19
Beijing,2022,8.88
Beijing,2021,8.87
Beijing,2020,8.68
Beijing,2019,8.33
Beijing,2018,7.83
Beijing,2017,7.73
Beijing,2016,8.02
Tianjin,2024,12.62
Tianjin,2023,12.02
Tianjin,2022,11.78
Tianjin,2021,11.21
Tianjin,2020,11.02
Tianjin,2019,10.71
Tianjin,2018,10.2
Tianjin,2017,9.76
Tianjin,2016,9.63
Hebei,2024,13.76
Hebei,2023,13.62
Hebei,2022,13.57
Hebei,2021,13.39
Hebei,2020,13.72
Hebei,2019,14.11
Hebei,2018,14.17
Hebei,2017,13.87
Hebei,2016,13.59
Shanxi,2024,11.06
Shanxi,2023,10.83
Shanxi,2022,10.56
Shanxi,2021,10.28
Shanxi,2020,10.27
Shanxi,2019,10.45
Shanxi,2018,10.5
Shanxi,2017,10
Shanxi,2016,9.92
Inner Mongolia,2024,10.3
Inner Mongolia,2023,10.2
Inner Mongolia,2022,10.44
Inner Mongolia,2021,10.57
Inner Mongolia,2020,10.87
Inner Mongolia,2019,11.14
Inner Mongolia,2018,10.93
Inner Mongolia,2017,10.74
Inner Mongolia,2016,10.73
Liaoning,2024,9.8
Liaoning,2023,9.47
Liaoning,2022,9.66
Liaoning,2021,9.94
Liaoning,2020,10.14
Liaoning,2019,10.18
Liaoning,2018,9.96
Liaoning,2017,9.68
Liaoning,2016,9.89
Jilin,2024,9.11
Jilin,2023,9.06
Jilin,2022,8.99
Jilin,2021,8.99
Jilin,2020,9.27
Jilin,2019,9.88
Jilin,2018,10.04
Jilin,2017,9.57
Jilin,2016,9.34
Heilongjiang,2024,9.53
Heilongjiang,2023,9.58
Heilongjiang,2022,9.46
Heilongjiang,2021,9.77
Heilongjiang,2020,9.96
Heilongjiang,2019,10.38
Heilongjiang,2018,10.48
Heilongjiang,2017,10.08
Heilongjiang,2016,9.99
Shanghai,2024,12.2
Shanghai,2023,11.66
Shanghai,2022,11.09
Shanghai,2021,10.8
Shanghai,2020,10.47
Shanghai,2019,10.47
Shanghai,2018,10.55
Shanghai,2017,10.48
Shanghai,2016,10.85
Jiangsu,2024,12.16
Jiangsu,2023,11.93
Jiangsu,2022,11.83
Jiangsu,2021,11.85
Jiangsu,2020,11.96
Jiangsu,2019,12.06
Jiangsu,2018,11.83
Jiangsu,2017,11.48
Jiangsu,2016,11.04
Zhejiang,2024,12.81
Zhejiang,2023,12.56
Zhejiang,2022,12.38
Zhejiang,2021,12.24
Zhejiang,2020,12.29
Zhejiang,2019,12.54
Zhejiang,2018,12.66
Zhejiang,2017,12.5
Zhejiang,2016,12.34
Anhui,2024,13.76
Anhui,2023,13.63
Anhui,2022,13.37
Anhui,2021,13.5
Anhui,2020,13.53
Anhui,2019,13.48
Anhui,2018,13.16
Anhui,2017,13
Anhui,2016,12.79
Fujian,2024,13.69
Fujian,2023,13.35
Fujian,2022,13.48
Fujian,2021,13.54
Fujian,2020,13.46
Fujian,2019,13.04
Fujian,2018,12.64
Fujian,2017,12.17
Fujian,2016,11.69
Jiangxi,2024,13.2
Jiangxi,2023,13.36
Jiangxi,2022,13.67
Jiangxi,2021,14.33
Jiangxi,2020,15.15
Jiangxi,2019,16.11
Jiangxi,2018,16.07
Jiangxi,2017,15.85
Jiangxi,2016,15.08
Shandong,2024,12.85
Shandong,2023,12.68
Shandong,2022,12.55
Shandong,2021,12.28
Shandong,2020,12.24
Shandong,2019,12.32
Shandong,2018,12.26
Shandong,2017,11.94
Shandong,2016,11.79
Henan,2024,13.87
Henan,2023,13.88
Henan,2022,13.66
Henan,2021,13.66
Henan,2020,13.87
Henan,2019,14.32
Henan,2018,14.38
Henan,2017,14.35
Henan,2016,14.52
Hubei,2024,12.84
Hubei,2023,12.86
Hubei,2022,12.72
Hubei,2021,12.58
Hubei,2020,12.65
Hubei,2019,12.42
Hubei,2018,12.24
Hubei,2017,11.53
Hubei,2016,10.95
Hunan,2024,13.23
Hunan,2023,13.4
Hunan,2022,13.25
Hunan,2021,13.16
Hunan,2020,13.33
Hunan,2019,13.65
Hunan,2018,13.71
Hunan,2017,13.38
Hunan,2016,13.29
Guangdong,2024,14.11
Guangdong,2023,13.97
Guangdong,2022,13.83
Guangdong,2021,13.62
Guangdong,2020,13.47
Guangdong,2019,13.34
Guangdong,2018,13
Guangdong,2017,12.73
Guangdong,2016,12.61
Guangxi,2024,14.83
Guangxi,2023,14.8
Guangxi,2022,14.57
Guangxi,2021,14.61
Guangxi,2020,14.83
Guangxi,2019,15.48
Guangxi,2018,15.48
Guangxi,2017,15.68
Guangxi,2016,16.1
Hainan,2024,13.27
Hainan,2023,13.04
Hainan,2022,13.39
Hainan,2021,13.35
Hainan,2020,13.63
Hainan,2019,13.67
Hainan,2018,13.44
Hainan,2017,12.85
Hainan,2016,12.51
Chongqing,2024,12.46
Chongqing,2023,12.37
Chongqing,2022,12.71
Chongqing,2021,13.2
Chongqing,2020,13.77
Chongqing,2019,13.74
Chongqing,2018,13.43
Chongqing,2017,13
Chongqing,2016,12.82
Sichuan,2024,12.34
Sichuan,2023,12.3
Sichuan,2022,12.4
Sichuan,2021,12.49
Sichuan,2020,12.81
Sichuan,2019,12.93
Sichuan,2018,12.78
Sichuan,2017,12.37
Sichuan,2016,12.34
Guizhou,2024,14.56
Guizhou,2023,14.65
Guizhou,2022,14.44
Guizhou,2021,13.87
Guizhou,2020,13.8
Guizhou,2019,13.98
Guizhou,2018,14.1
Guizhou,2017,14.35
Guizhou,2016,14.88
Yunnan,2024,13.71
Yunnan,2023,13.59
Yunnan,2022,13.45
Yunnan,2021,13.2
Yunnan,2020,13.09
Yunnan,2019,13.79
Yunnan,2018,14.07
Yunnan,2017,14.52
Yunnan,2016,14.81
Tibet,2024,12.39
Tibet,2023,11.99
Tibet,2022,11.94
Tibet,2021,11.55
Tibet,2020,11.55
Tibet,2019,11.72
Tibet,2018,12.01
Tibet,2017,12.4
Tibet,2016,11.96
Shaanxi,2024,12.84
Shaanxi,2023,12.34
Shaanxi,2022,11.98
Shaanxi,2021,11.55
Shaanxi,2020,11.55
Shaanxi,2019,11.24
Shaanxi,2018,11.02
Shaanxi,2017,10.5
Shaanxi,2016,10.31
Gansu,2024,11.51
Gansu,2023,11.34
Gansu,2022,10.94
Gansu,2021,10.75
Gansu,2020,10.76
Gansu,2019,10.88
Gansu,2018,10.88
Gansu,2017,10.57
Gansu,2016,10.64
Qinghai,2024,14.29
Qinghai,2023,13.81
Qinghai,2022,13.61
Qinghai,2021,13.09
Qinghai,2020,13.34
Qinghai,2019,13.49
Qinghai,2018,13.62
Qinghai,2017,12.8
Qinghai,2016,12.86
Ningxia,2024,13.84
Ningxia,2023,13.5
Ningxia,2022,13.25
Ningxia,2021,13.6
Ningxia,2020,14.15
Ningxia,2019,14.46
Ningxia,2018,14.19
Ningxia,2017,13.84
Ningxia,2016,13.92
Xinjiang,2024,13.94
Xinjiang,2023,13.53
Xinjiang,2022,13.19
Xinjiang,2021,12.45
Xinjiang,2020,11.61
Xinjiang,2019,10.96
Xinjiang,2018,10.75
Xinjiang,2017,10.49
Xinjiang,2016,10.54
